Job_Title,Salary
Spring Boot Developer, 42000 -  64000   
Junior Account Representative (Sales), 20000 -  25000   
Full Stack Developer,"80,000"
Data Engineer, 42000 -  64000   
Junior Web Developer,"30,000"
Junior Web Developer, 25000 -  35000   
JUNIOR SOFTWARE DEVELOPER (URGENT), 30000 -  45000   
Junior Web Developer | Hybrid, 25000 -  40000   
Junior Software Engineer, 20000 -  25000   
Junior Web Developer, 30000 -  35000   
Junior Web Developer, 16000 -  19000   
Junior Front end Web Developer, 20000 -  25000   
Junior Web Developer, 16000 -  19000   
Junior Web Developer, 15000 -  25000   
Junior Developer,"25,000"
Java Developer (Junior & Senior Level), 20000 -  60000   
PARTIME JR. SOFTWARE DEVELOPER, 30000 -  35000   
Jr. Java Developer (Hybrid - Company Tools Provided), 25000 -  40000   
Java Developer (Junior),"40,000"
Junior Game Development Support (Open for Fresh Grads),"35,000"
PARTIME JR. SOFTWARE DEVELOPER, 30000 -  35000   
Junior Java Developer, 25000 -  50000   
Junior Web Developer, 25000 -  35000   
Mobile Developer (Junior Level), 30000 -  40000   
Junior Front End Developer, 20000 -  25000   
Junior Developer, 16000 -  30000   
Junior Web Developer, 25000 -  30000   
Junior Developer, 16000 -  30000   
Junior Web Developer, 25000 -  35000   
Junior game developer (Remote), 17000 -  20000   
BACKEND DEVELOPER (GOLANG), 15000 -  35000   
QA and Automation Engineer (Onsite - Company Tools Provided), 30000 -  50000   
ServiceNow Developer (Hybrid - BGC/ Pasig) - Junior and Senior Level, 50000 -  90000   
Web Developer,"30,000"
URGENT HIRING!! Mid to Senior Level Backend Developer, 40000 -  50000   
URGENT HIRING!! Mid to Senior Level Backend Developer, 40000 -  50000   
Senior  Developer - Hybrid/Dayshift, 75000 -  100000   
Real Estate Sales Assistant, 30000 -  40000   
Java Developer (Junior & Senior Level), 20000 -  60000   
Mid to Senior  Developer, 45000 -  80000   
Senior Developer (SID Student Support and Welfare),100000
Senior Application Developer, 40000 -  45000   
JE Senior HR Generalist (Permanent; Temp WFH), 40000 -  80000   
Senior Software Developer, 65000 -  95000   
ServiceNow Developer (Hybrid - BGC/ Pasig) - Junior and Senior Level, 50000 -  90000   
Cloud Native Developer - Senior, 80000 -  100000   
Microservices Developer - Mid / Senior,"80,000"
Elixir Senior Developer, 36437 -  95747   
ServiceNow Developer (Hybrid - BGC/ Pasig) - Junior and Senior Level, 50000 -  90000   
Elixir Senior Developer, 36437 -  95747   
Back End Developer, 39928 -  95542   
Senior Web Developer, 60000 -  100000   
31. Project Manager (Fully Remote), 50000 -  105000   
Project Manager,"50,000"
Project Manager (Urgent Hiring! ASAP!! - WFH), 40000 -  90000   
Project Manager (Construction Management),"60,000"
Project Manager (Urgent Hiring! ASAP!! - WFH), 40000 -  90000   
Project Manager,"50,000"
Sales Project Manager - up to 80k,"80,000"
Construction Project Manager, 50000 -  70000   
ASSISTANT PROJECT MANAGER, 40000 -  60000   
Project Manager (Agile Project Manager), 60000 -  90000   
Project Manager, 45000 -  55000   
Senior Project Manager, 65000 -  85000   
Junior Technical Project Manager (WFH), 30000 -  70000   
Project Manager, 50000 -  70000   
Junior Project Manager,"27,000"
Project Manager - Construction,"50,000"
Project Manager, 20000 -  25000   
Project Development Manager, 70000 -  80000   
Project Manager, 90000 -  110000   
Project Manager, 35000 -  40000   
Project Manager, 80000 -  100000   
Project Manager, 60000 -  80000   
Regional Project Manager (Telecommunication), 25000 -  35000   
Project Manager, 45000 -  55000   
Project Manager, 60000 -  80000   
Project Manager, 80000 -  100000   
SENIOR PROJECT MANAGER, 50000 -  80000   
Project Management Engineer, 25000 -  40000   
PROJECT MANAGER, 65000 -  90000   
Project Manager, 35000 -  40000   
Project Manager, 60000 -  80000   
Project Management Engineer, 25000 -  40000   
Project Manager, 40000 -  60000   
Project Manager - ERP, 50000 -  100000   
Project Manager, 40000 -  60000   
PIC / Project Manager - Cavite, 40000 -  50000   
Project Manager, 20000 -  25000   
Business Development/Project Development Manager,"100,000"
Junior Project Manager,"27,000"
PROJECT MANAGER, 65000 -  90000   
Chief Operation Officer (COO), 90000 -  100000   
Chief Information Security Officer (CISO-Makati),"103,755"
Chief Medical Technologist, 50000 -  70000   
FACTORY DIRECTOR ( Rosario Cavite: up to 80K! URGENT ) JPH4, 60000 -  80000   
Web CTO,100000 - 200000
